"pHGVS","FoldX_score"
"p.L1418I",2.33754
"p.L1418V",2.37167
"p.V1417G",2.11583
"p.V1417E",1.22075
"p.V1417A",0.800764
"p.V1417M",-0.246903
"p.V1417L",-0.222987
"p.A1416V",1.67552
"p.A1416D",1.08363
"p.A1416G",0.907029
"p.A1416S",0.534644
"p.A1416T",0.994681
"p.A1416P",3.65012
"p.E1415D",1.5384
"p.E1415A",-0.0723244
"p.E1415G",1.25041
"p.E1415V",1.13167
"p.E1415K",-0.49085
"p.E1415Q",0.0416331
"p.L1414Q",1.25204
"p.L1414P",8.15546
"p.L1414R",3.08085
"p.L1414I",1.02156
"p.L1414V",1.58874
"p.A1412D",0.308199
"p.A1412V",-0.01554
"p.A1412G",0.464263
"p.A1412S",0.549713
"p.A1412T",0.140634
"p.A1412P",2.274
"p.M1411I",1.26723
"p.M1411R",1.27978
"p.M1411K",1.36155
"p.M1411T",2.7093
"p.M1411V",2.1081
"p.M1411L",-0.2931
"p.E1410D",0.142995
"p.E1410G",0.888942
"p.E1410A",-0.242572
"p.E1410V",1.28912
"p.E1410Q",-0.833879
"p.E1410K",-0.117953
"p.Q1409H",0.113113
"p.Q1409R",-0.0596808
"p.Q1409P",4.92258
"p.Q1409L",-0.558868
"p.Q1409K",-0.246525
"p.Q1409E",-0.0275946
"p.Q1408H",1.02561
"p.Q1408L",-0.266192
"p.Q1408R",0.0268139
"p.Q1408P",8.71063
"p.Q1408E",-0.268438
"p.Q1408K",-0.244525
"p.L1407R",2.1291
"p.L1407H",2.95225
"p.L1407P",6.27042
"p.L1407F",1.43495
"p.L1407I",3.43442
"p.L1407V",4.46148
"p.K1406N",0.902283
"p.K1406R",0.519277
"p.K1406M",-0.514786
"p.K1406T",0.927557
"p.K1406E",0.7593
"p.K1406Q",0.525197
"p.I1405M",0.338953
"p.I1405T",1.87994
"p.I1405K",0.721301
"p.I1405R",1.02751
"p.I1405V",0.859508
"p.I1405L",-0.0295109
"p.L1404R",2.20293
"p.L1404Q",1.14694
"p.L1404P",3.5997
"p.L1404V",2.92709
"p.L1404M",-0.639977
"p.N1403K",-1.52281
"p.N1403S",1.76526
"p.N1403I",-1.62033
"p.N1403T",0.204741
"p.N1403Y",-1.29652
"p.N1403H",-0.538146
"p.N1403D",0.636289
"p.M1400I",0.798505
"p.M1400T",2.9452
"p.M1400R",2.10224
"p.M1400K",1.50052
"p.M1400L",-0.692754
"p.M1400V",2.15999
"p.T1399P",7.6839
"p.T1399A",1.17605
"p.T1399S",1.4462
"p.R1397S",0.015071
"p.R1397T",-0.124698
"p.R1397K",0.284477
"p.R1397M",-0.180104
"p.R1397G",0.539106
"p.R1397W",-0.310553
"p.Q1396H",12.7044
"p.Q1396P",2.40607
"p.Q1396R",1.24634
"p.Q1396L",-1.65377
"p.Q1396E",0.0599176
"p.Q1396K",0.498631
"p.G1422E",2.94182
"p.G1422A",3.02494
"p.G1422V",4.34604
"p.G1422R",1.54647
"p.G1422W",2.50534
"p.Q1420H",-0.59203
"p.Q1420R",-0.73905
"p.Q1420L",-0.158395
"p.Q1420P",2.49805
"p.Q1420K",-0.0437656
"p.Q1420E",0.552911
"p.E1419D",0.826503
"p.E1419A",0.346537
"p.E1419G",1.09205
"p.E1419V",-0.871401
"p.E1419K",-1.17851
"p.E1419Q",-0.290144
"p.L1418F",5.60222
"p.L1418S",4.90255
"p.Q1395H",1.01073
"p.Q1395P",5.99175
"p.Q1395L",-0.319305
"p.Q1395R",-0.128389
"p.Q1395K",0.324817
"p.Q1395E",-0.479847
"p.T1394I",1.00964
"p.T1394N",0.270932
"p.T1394S",-0.109496
"p.T1394A",0.850063
"p.T1394P",0.313349
"p.T1393S",-0.771356
"p.T1393N",1.9098
"p.T1393I",2.5953
"p.T1393A",-0.0347981
"p.T1393P",0.252544
