"","cigar","D2_reads","D14_reads","D2_reads_per_thousand","D14_reads_per_thousand","D14_D2_ratio","rep","frame","ratio_normalised","log2_ratio_normalised"
"1","122M1D124M",371050,443428,253.912531735,237.579563233,0.935674823174,"r1","Frameshift",0.874920113310278,-0.19277680067682
"2","122M2D123M",78438,103380,53.6757611217,55.3888686483,1.03191584974,"r1","Frameshift",0.964912071822732,-0.0515306129469811
"3","122M1I125M",68267,90448,46.7156631288,48.4601701635,1.03734308619,"r1","Frameshift",0.969986910016719,-0.0439628166405758
"4","121M10D116M",62335,96580,42.6563473001,51.7455691048,1.21308017165,"r1","Frameshift",1.13431313416573,0.181818960162969
"5","114M13D120M",49594,76136,33.9375774124,40.7920961831,1.2019743097,"r1","Frameshift",1.12392839177976,0.168550120865616
"6","118M13D116M",21710,34198,14.8563295081,18.3225820278,1.23331823099,"r1","Frameshift",1.15323710725167,0.205689163716771
"7","123M1I124M",18935,25097,12.9573744466,13.4464542123,1.03774528302,"r1","Frameshift",0.970362991629007,-0.0434035658751839
"8","118M10D119M",18702,29796,12.7979306522,15.9640813527,1.24739551937,"r1","Frameshift",1.16640033708268,0.222063041707739
"9","121M7D119M",18423,28797,12.6070086839,15.4288377874,1.22383018639,"r1","Frameshift",1.14436513501204,0.194547449338346
"10","113M16D118M",12708,18709,8.69618771941,10.0238957588,1.1526770215,"r1","Frameshift",1.0778320472917,0.108132388278838
"11","113M11D123M",9984,14714,6.83213237256,7.88345727696,1.1538794694,"r1","Frameshift",1.07895641852288,0.10963659230441
"12","122M12D113M",8421,12687,5.76255876496,6.79743254538,1.17958580947,"r1","In-frame",1.10299360901877,0.141424431669422
"13","122M13D112M",7877,11705,5.3902951421,6.27129722895,1.16344227239,"r1","Frameshift",1.08789829498291,0.121543688773667
"14","121M2D124M",6552,9697,4.4835868695,5.19545230492,1.15877141587,"r1","Frameshift",1.08353072388393,0.115740062122447
"15","112M13D122M",6242,8314,4.27145134911,4.45446947129,1.04284682353,"r1","Frameshift",0.975133281788066,-0.0363286741448332
"16","121M18D108M",5450,8896,3.72947930994,4.76629304987,1.27800495827,"r1","In-frame",1.19502226116086,0.257037493325061
"17","123M4D120M",5266,7118,3.60356661397,3.81367737511,1.05830633471,"r1","Frameshift",0.989588984707853,-0.0150986533804778
"18","113M10D124M",5115,7094,3.5002360863,3.80081867084,1.0858749459,"r1","Frameshift",1.01536752638576,0.0220020254604708
"19","117M10D120M",4702,7838,3.21761682851,4.19943850325,1.30513940195,"r1","Frameshift",1.22039482644865,0.287347969105985
"20","123M3D121M",4559,6079,3.11976076588,3.25700263603,1.04399115203,"r1","In-frame",0.976203307395347,-0.0347464552692845
"21","116M7D124M",4316,4829,2.95347389022,2.58727845524,0.876011961306,"r1","Frameshift",0.819131246737068,-0.287833466163322
"22","115M6D126M",3645,4193,2.49430313482,2.24652279205,0.900661495668,"r1","In-frame",0.842180251437108,-0.247799049216255
"23","81M47D119M",3492,4899,2.38960399089,2.62478300937,1.09841757018,"r1","Frameshift",1.02709574006051,0.0385706678029007
"24","124M2D121M",3440,4678,2.35401996811,2.5063757742,1.06472154364,"r1","Frameshift",0.995587644910021,-0.00637976808151377
"25","120M30D97M",3313,4463,2.26711283557,2.3911832151,1.05472615989,"r1","In-frame",0.986241275779916,-0.0199874616824012
"26","123M2I124M",3202,4875,2.19115463311,2.61192430509,1.19203102585,"r1","Frameshift",1.11463073962834,0.156565846163534
"27","121M13D113M",3151,5806,2.15625491846,3.11073487495,1.44265636141,"r1","Frameshift",1.34898261226155,0.43187175275935
"28","119M4D124M",2879,3158,1.97012310703,1.69199117036,0.858825097943,"r1","Frameshift",0.803060351091939,-0.316419682550349
"29","118M5D124M",2863,4289,1.95917417695,2.29795760914,1.17292154836,"r1","Frameshift",1.09676206795228,0.133250580785335
"30","112M11D124M",2747,3189,1.87979443384,1.70860033004,0.908929348488,"r1","Frameshift",0.84991126070117,-0.234615877671854
"31","115M3D129M",2598,3234,1.77783252243,1.73271040055,0.974619588004,"r1","In-frame",0.9113361386366,-0.133944816821571
"32","116M8D123M",2514,3206,1.72035063949,1.7177085789,0.998464231345,"r1","Frameshift",0.933632515045427,-0.0990732891142281
"33","119M5D123M",2513,3771,1.71966633136,2.02042390862,1.17489298463,"r1","Frameshift",1.09860549603436,0.135673414410948
"34","110M17D120M",2374,4726,1.62454750125,2.53209318274,1.55864521093,"r1","Frameshift",1.45744013922645,0.543436629487761
"35","123M8D116M",2354,3104,1.61086133864,1.66305908575,1.03240362522,"r1","Frameshift",0.965368175340388,-0.050848827702308
"36","124M3D120M",2353,2456,1.61017703051,1.31587407042,0.817223227935,"r1","In-frame",0.764159750242332,-0.388053824701802
"37","123M11D113M",2304,3312,1.57664593213,1.77450118943,1.12549124269,"r1","Frameshift",1.05241148013763,0.0736988912136337
"38","123M9D115M",2254,1955,1.54243052562,1.04744861876,0.679089658409,"r1","In-frame",0.634995391740439,-0.65518197282514
"39","122M2I125M",2172,3833,1.48631725894,2.05364222798,1.38169843325,"r1","Frameshift",1.29198276991035,0.369586830147441
"40","104M20D123M",2106,2229,1.44115292234,1.19425215919,0.828678303794,"r1","Frameshift",0.774871031576734,-0.367971884613743
"41","123M5D119M",2049,3509,1.40214735891,1.88004972032,1.34083604578,"r1","Frameshift",1.25377363593568,0.326276898544954
"42","123M5I124M",1821,2880,1.24612510521,1.54304451255,1.2382741557,"r1","Frameshift",1.15787123665372,0.211474824510233
"43","114M24D109M",1776,3103,1.21533123935,1.6625233064,1.36795899963,"r1","In-frame",1.27913545744463,0.355169050330409
"44","123M4I124M",1768,2219,1.20985677431,1.18889436574,0.98267364451,"r1","Frameshift",0.918867233688333,-0.122071672041811
"45","115M8D124M",1760,1487,1.20438230927,0.796703885472,0.661504141453,"r1","Frameshift",0.618551727652555,-0.693033846319017
"46","123M3I124M",1742,2013,1.19206476292,1.07852382075,0.904752706645,"r1","In-frame",0.846005814210541,-0.241260516525718
"47","123M6I124M",1729,2486,1.18316875723,1.33194745076,1.12574596196,"r1","In-frame",1.05264966011966,0.074025362567658
"48","123M6D118M",1567,2412,1.07231084013,1.29229977926,1.20515407557,"r1","In-frame",1.1269016908858,0.172361662575021
"49","123M7I124M",1560,2500,1.06752068321,1.33944836159,1.25472825272,"r1","Frameshift",1.17325694552673,0.230519000956255
"50","75M54D118M",1545,2898,1.05725606126,1.55268854075,1.46860216521,"r1","In-frame",1.37324371776359,0.457587691913172
"51","124M4D119M",1521,1895,1.04083266613,1.01530185808,0.975470785189,"r1","Frameshift",0.912132066366089,-0.132685369513397
"52","121M16D110M",1510,1455,1.0333052767,0.779558946443,0.754432367686,"r1","Frameshift",0.705445990714692,-0.503392461265043
"53","111M26D110M",1464,2002,1.00182710271,1.07263024796,1.07067401656,"r1","Frameshift",1.00115361521579,0.00166335569905718
"54","123M14D110M",1434,2233,0.9812978588,1.19639527657,1.21919686856,"r1","Frameshift",1.14003266516201,0.189075162277821
"55","120M7D120M",1433,2252,0.98061355067,1.20657508412,1.23042872831,"r1","Frameshift",1.1505352241299,0.202305152966281
"56","98M27D122M",1424,2481,0.974454777497,1.32926855404,1.36411517983,"r1","In-frame",1.27554122238383,0.351109524081682
"57","124M7D116M",1324,1889,0.906023964471,1.01208718201,1.11706447258,"r1","Frameshift",1.0445318723114,0.0628565147353811
"58","113M9D125M",1309,1609,0.895759342517,0.862068965517,0.962389030847,"r1","In-frame",0.899899729118439,-0.152163836070189
"59","111M12D124M",1293,2133,0.884810412433,1.14281734211,1.29159572045,"r1","In-frame",1.20773055563668,0.272298625684618
"60","120M2D125M",1215,1922,0.831434378272,1.02976790039,1.2385438073,"r1","Frameshift",1.15812337938813,0.211788957428709
"61","104M25D118M",1204,2006,0.823906988839,1.07477336534,1.30448385546,"r1","Frameshift",1.21978184553358,0.286623149009901
"62","123M15D109M",1196,2114,0.818432523797,1.13263753456,1.38391070934,"r1","In-frame",1.29405139973708,0.371894922332792
"63","120M1D126M",1164,1747,0.796534663628,0.936006515077,1.17509828237,"r1","Frameshift",1.0987974634973,0.135925485162288
"64","90M33D124M",1109,1707,0.758897716464,0.914575341291,1.2051365045,"r1","In-frame",1.1268852607306,0.172340628019468
"65","124M1I123M",1096,1152,0.75000171077,0.617217805019,0.822955196176,"r1","Frameshift",0.769519533554545,-0.37797014636559
"66","116M4D127M",1094,1536,0.74863309451,0.822957073359,1.09927957954,"r1","Frameshift",1.02790177791495,0.0397024130871002
"67","124M10D113M",1067,1034,0.730156774993,0.553995842352,0.758735467952,"r1","Frameshift",0.709469684501325,-0.495187055357001
"68","117M27D103M",966,457,0.661041653836,0.244851160498,0.370402014876,"r1","In-frame",0.346351280166272,-1.5296920886271
"69","123M17D107M",930,659,0.636406561146,0.353078588114,0.554800358246,"r1","Frameshift",0.51877637431194,-0.946815315835757
"70","118M21D108M",929,1622,0.635722253016,0.869034096997,1.36700279544,"r1","In-frame",1.27824134096576,0.354160252985096
"71","101M22D124M",901,1455,0.616561625369,0.779558946443,1.26436501133,"r1","Frameshift",1.18226797556215,0.241557077136988
"72","44M80D123M",885,2177,0.605612695284,1.16639163327,1.92596958807,"r1","Frameshift",1.8009136170943,0.848728982366621
"73","118M16D113M",874,1420,0.598085305852,0.760806669381,1.27207049218,"r1","Frameshift",1.18947312847577,0.25032268004161
"74","95M29D123M",871,1703,0.596032381461,0.912432223913,1.53084337746,"r1","Frameshift",1.43144351872608,0.517470746228728
"75","119M16D112M",851,1355,0.582346218855,0.72598101198,1.24664845151,"r1","Frameshift",1.1657017774116,0.221198749705153
"76","59M65D123M",833,1312,0.570028672511,0.702942500161,1.23317042468,"r1","Frameshift",1.15309889821762,0.205516254402784
"77","122M3D122M",828,846,0.566607131859,0.453269325561,0.79997109121,"r1","In-frame",0.748027819528327,-0.418836169227357
"78","120M24D103M",818,1896,0.559764050557,1.01583763743,1.81476040917,"r1","In-frame",1.69692540987261,0.762923151108083
"79","117M33D97M",784,2035,0.536497574128,1.09031096633,2.03227566892,"r1","In-frame",1.90031709146304,0.926240170194197
"80","85M50D112M",775,350,0.530338800955,0.187522770622,0.353590516636,"r1","Frameshift",0.330631376647696,-1.5967044531789
"81","65M66D116M",769,466,0.526232952174,0.2496731746,0.474453706421,"r1","In-frame",0.443646745964809,-1.17251670815581
"82","86M1D160M",763,759,0.522127103392,0.406656522578,0.778845840286,"r1","Frameshift",0.728274261481915,-0.457446236267547
"83","119M15D113M",753,895,0.515284022089,0.479522513448,0.930598452294,"r1","In-frame",0.870173358481001,-0.20062524736736
"84","109M16D122M",753,1423,0.515284022089,0.762414007415,1.47959955041,"r1","Frameshift",1.38352702695071,0.468350827010323
"85","109M50D88M",741,642,0.507072324526,0.343970339255,0.678345716416,"r1","Frameshift",0.634299754969318,-0.656763310031127
"86","105M22D120M",740,775,0.506388016396,0.415228992092,0.819981868937,"r1","Frameshift",0.766739268722763,-0.38319202520308
"87","76M51D120M",737,1158,0.504335092005,0.620432481087,1.23019891124,"r1","In-frame",1.15032032941227,0.202035664041719
"88","124M13D110M",731,993,0.500229243224,0.532028889222,1.06357014595,"r1","Frameshift",0.994511009125398,-0.00794075326755314
"89","122M1D124M",422995,394556,252.213753385,225.707818221,0.894906860521,"r2","Frameshift",0.844148959016179,-0.244430494684858
"90","122M2D123M",93957,104322,56.0225242065,59.6779443539,1.06524911541,"r2","Frameshift",1.00482963259745,0.00695091529263981
"91","122M1I125M",78174,88756,46.6117990924,50.7733328452,1.0892806936,"r2","Frameshift",1.02749817231654,0.0391358276858315
"92","121M10D116M",75329,97873,44.9154477682,55.9887602591,1.24653683846,"r2","Frameshift",1.17583496225375,0.233685580712671
"93","114M13D120M",56719,76448,33.8191039568,43.7324772336,1.29312938892,"r2","Frameshift",1.21978484654206,0.286626698443546
"94","118M13D116M",27739,33328,16.5395744752,19.0654562741,1.15271745973,"r2","Frameshift",1.08733689124291,0.120799002024625
"95","121M7D119M",21741,28991,12.9632246536,16.5844527977,1.27934624609,"r2","Frameshift",1.20678346485063,0.271166834161531
"96","118M10D119M",21442,29384,12.7849437938,16.809270498,1.31477077796,"r2","Frameshift",1.24019876539295,0.310571358407545
"97","123M1I124M",20988,24512,12.5142430904,14.0222174805,1.12050064708,"r2","Frameshift",1.05694737244373,0.0799035437928206
"98","113M16D118M",13596,20646,8.10671093279,11.8106520114,1.4568981316,"r2","Frameshift",1.3742648485975,0.458660067428974
"99","113M11D123M",11068,14698,6.59937309533,8.40806758032,1.27407065169,"r2","Frameshift",1.20180709499873,0.265205344116442
"100","122M12D113M",10387,11656,6.19332204022,6.66787561003,1.07662342871,"r2","In-frame",1.01555881029772,0.022273787510149
"101","122M13D112M",9609,9835,5.72943405069,5.62616305976,0.981975359169,"r2","Frameshift",0.926279050693006,-0.110481209821388
"102","121M18D108M",7873,9675,4.69433180155,5.53463422503,1.17900362799,"r2","In-frame",1.11213214374582,0.153328219536418
"103","121M2D124M",7471,7456,4.45463646505,4.26524369838,0.9574841251,"r2","Frameshift",0.903176926151987,-0.146919465454169
"104","112M13D122M",6742,8429,4.01996507126,4.82185342458,1.19947644795,"r2","Frameshift",1.13144377316756,0.178164891995114
"105","113M10D124M",6374,7048,3.80054247467,4.03184516982,1.06086044208,"r2","Frameshift",1.00068987885724,0.000994941651001383
"106","123M3D121M",5902,5388,3.51910914426,3.08223350951,0.875856184949,"r2","In-frame",0.826178811884559,-0.275474033460022
"107","116M7D124M",5389,5591,3.21322927455,3.19836071857,0.995372706175,"r2","Frameshift",0.938916518375519,-0.0909312052508521
"108","124M2D121M",4988,4749,2.97413019511,2.71669022581,0.913440248941,"r2","Frameshift",0.861631158820388,-0.214857672462483
"109","123M4D120M",4838,4980,2.88469163672,2.84883498095,0.987570021241,"r2","Frameshift",0.931556391131961,-0.102284990514878
"110","117M10D120M",4518,6390,2.69388937881,3.655432837,1.35693501958,"r2","Frameshift",1.27997150850334,0.356111696945265
"111","123M2I124M",4499,5034,2.68256049475,2.87972596267,1.0734989829,"r2","Frameshift",1.01261157880988,0.0180808860975585
"112","121M13D113M",4308,6301,2.56867539706,3.60451992268,1.40326018881,"r2","Frameshift",1.32366917706182,0.404542596276609
"113","115M6D126M",4253,4335,2.53588125898,2.47985936595,0.97790831379,"r2","In-frame",0.922442682603308,-0.116468825007547
"114","81M47D119M",4018,3424,2.39576085083,1.95871706321,0.817576204454,"r2","Frameshift",0.771204392716853,-0.374814825823675
"115","119M4D124M",3818,4081,2.27650943964,2.33455734081,1.02549864286,"r2","Frameshift",0.967333752854227,-0.0479143556370554
"116","120M30D97M",3641,4311,2.17097194074,2.46613004074,1.13595666275,"r2","In-frame",1.07152674390007,0.099667858237058
"117","110M17D120M",3496,4740,2.08451466763,2.71154172885,1.30080242225,"r2","Frameshift",1.22702267584448,0.295161910798775
"118","123M11D113M",3348,3814,1.99626862334,2.18181859786,1.0929484,"r2","Frameshift",1.03095785139167,0.0439853522683949
"119","112M11D124M",3176,2520,1.89371240972,1.44157914699,0.761245023049,"r2","Frameshift",0.718068239401972,-0.477807142247409
"120","123M5D119M",2959,3831,1.76432462858,2.19154353655,1.24214302802,"r2","Frameshift",1.17169036277344,0.228591365740268
"121","118M5D124M",2954,3178,1.7613433433,1.81799147981,1.03216189321,"r2","Frameshift",0.973619072695604,-0.0385706649069523
"122","122M2I125M",2919,3717,1.74047434634,2.1263292418,1.22169525008,"r2","Frameshift",1.15240235502233,0.204644513871067
"123","116M8D123M",2843,2563,1.69515881009,1.46617752132,0.864920450282,"r2","Frameshift",0.815863337232983,-0.29360058387734
"124","123M9D115M",2808,3373,1.67428981313,1.92954224714,1.15245415221,"r2","In-frame",1.08708851816777,0.120469419226522
"125","124M3D120M",2777,2996,1.65580584439,1.71387743031,1.03507149471,"r2","In-frame",0.976363645550869,-0.0345095168513646
"126","123M8D116M",2764,2638,1.64805450266,1.5090816626,0.915674609158,"r2","Frameshift",0.863738789160991,-0.211333014627341
"127","119M5D123M",2637,2918,1.57232985656,1.66925712337,1.06164563143,"r2","Frameshift",1.0014305333339,0.00206234856890496
"128","115M3D129M",2468,3356,1.4715624141,1.91981730845,1.3046115408,"r2","In-frame",1.23061574636456,0.299380357798413
"129","123M6D118M",2412,2613,1.43817201897,1.49478028217,1.03936126031,"r2","In-frame",0.980410101473171,-0.0285427460659511
"130","123M4I124M",2314,2518,1.37973882748,1.44043503655,1.04399108575,"r2","Frameshift",0.984777329503278,-0.022130544874152
"131","104M20D123M",2304,2033,1.37377625692,1.16298825628,0.846563077806,"r2","Frameshift",0.798547169987527,-0.324550465087874
"132","123M3I124M",2302,2676,1.37258374281,1.53081976085,1.11528332523,"r2","In-frame",1.05202597000195,0.0731703190128939
"133","123M5I124M",2093,1773,1.24796601812,1.01425389984,0.812725575151,"r2","Frameshift",0.766628884518919,-0.383399738847605
"134","98M27D122M",2055,2004,1.22530824999,1.14639865498,0.935600209165,"r2","In-frame",0.882534236202138,-0.180275848865029
"135","115M8D124M",1983,2080,1.18237774196,1.18987485148,1.00634070589,"r2","Frameshift",0.9492624280454,-0.0751211126973632
"136","123M6I124M",1958,2118,1.16747131556,1.21161294973,1.03780960918,"r2","In-frame",0.978946457887532,-0.0306981390956751
"137","111M12D124M",1945,2046,1.15971997384,1.1704249741,1.00923067681,"r2","In-frame",0.951988483740497,-0.0709839736135627
"138","75M54D118M",1719,2216,1.02496587919,1.267674361,1.23679664537,"r2","In-frame",1.16664721968492,0.222368373081057
"139","123M14D110M",1628,2045,0.970706487098,1.16985291888,1.2051561769,"r2","Frameshift",1.13680135560675,0.184980180071558
"140","113M9D125M",1608,1575,0.958781345979,0.900986966866,0.939721001712,"r2","In-frame",0.886421302993476,-0.173935541395415
"141","120M7D120M",1565,2177,0.933142292573,1.24536420753,1.33459196679,"r2","Frameshift",1.25889572331723,0.332158786882557
"142","124M7D116M",1563,2015,0.931949778461,1.15269126237,1.23685984912,"r2","Frameshift",1.16670683860408,0.222442096928256
"143","120M1D126M",1558,1368,0.928968493181,0.782571536935,0.842409126552,"r2","Frameshift",0.794628825206008,-0.331646966667134
"144","104M25D118M",1547,2256,0.922409665565,1.29055656968,1.39911431749,"r2","Frameshift",1.31975845393142,0.400273907460234
"145","114M24D109M",1531,1715,0.91286955267,0.981074697254,1.07471510511,"r2","In-frame",1.01375872422008,0.0197143300626647
"146","123M7I124M",1437,2542,0.85682138941,1.45416436176,1.69716160186,"r2","Frameshift",1.60090090119354,0.678884005054929
"147","120M24D103M",1390,1227,0.82879730778,0.70191175133,0.846903995393,"r2","In-frame",0.798868751192088,-0.323969597438842
"148","121M16D110M",1390,1929,0.82879730778,1.1034945137,1.33144075559,"r2","Frameshift",1.25592324453595,0.328748296943677
"149","111M26D110M",1369,1674,0.816275909605,0.957620433355,1.17315777923,"r2","Frameshift",1.1066178635866,0.146157117796125
"150","124M4D119M",1340,1499,0.798984454982,0.85751077037,1.07325088119,"r2","Frameshift",1.01237754909185,0.0177474191070777
"151","120M2D125M",1290,2208,0.769171602184,1.26309791926,1.64215360483,"r2","Frameshift",1.5490128830333,0.631349142972515
"152","123M15D109M",1284,1276,0.765594059849,0.729942456966,0.953432759274,"r2","In-frame",0.899355348292342,-0.153036836849223
"153","124M1I123M",1258,1231,0.750091376394,0.704199972198,0.938818915082,"r2","Frameshift",0.885570381491753,-0.175321123885257
"154","95M29D123M",1247,1646,0.743532548778,0.941602887277,1.26639094526,"r2","Frameshift",1.19456297108548,0.256482907103731
"155","121M3D123M",1188,1571,0.708353382477,0.898698745998,1.26871526025,"r2","In-frame",1.19675545408655,0.259128381002896
"156","122M19D106M",1141,1056,0.680329300847,0.604090309213,0.887938103593,"r2","Frameshift",0.837575460514912,-0.255708920421959
"157","44M80D123M",1136,556,0.677348015567,0.318062700684,0.469570580225,"r2","Frameshift",0.442937174770106,-1.17482601027237
"158","90M33D124M",1119,872,0.667211645616,0.498832149274,0.747637054227,"r2","In-frame",0.705232096086758,-0.503829959691148
"159","101M22D124M",1098,649,0.654690247441,0.37126383587,0.567083192887,"r2","Frameshift",0.534919004501138,-0.902607634496446
"160","109M50D88M",1063,1128,0.633821250482,0.645278284841,1.01807612848,"r2","Frameshift",0.960332233407263,-0.058394492627534
"161","119M15D113M",1052,1341,0.627262422867,0.767126046074,1.22297465639,"r2","In-frame",1.15360919514435,0.20615456911603
"162","109M16D122M",1050,865,0.626069908755,0.494827762755,0.790371419925,"r2","Frameshift",0.745542626611892,-0.423637253520841
"163","124M13D110M",1044,1116,0.622492366419,0.638413622236,1.02557662821,"r2","Frameshift",0.967407314981109,-0.0478046482271438
"164","59M65D123M",991,1113,0.590890742453,0.636697456585,1.07752146182,"r2","Frameshift",1.01640590818959,0.0234766666619663
"165","118M21D108M",989,846,0.589698228341,0.483958713631,0.820688769902,"r2","In-frame",0.77414041768069,-0.369332821130122
"166","121M50D76M",989,1314,0.589698228341,0.751680555214,1.27468681283,"r2","Frameshift",1.20238830831585,0.265902886076207
"167","116M4D127M",954,633,0.568829231383,0.362110952398,0.636589915601,"r2","Frameshift",0.600483400319369,-0.735803730068751
"168","120M8D119M",952,862,0.567636717271,0.493111597104,0.868709831659,"r2","Frameshift",0.819437790045701,-0.28729366770941
"169","118M16D113M",951,1116,0.567040460215,0.638413622236,1.12586961078,"r2","Frameshift",1.06201181581576,0.0867998174829048
"170","124M10D113M",919,985,0.547960234424,0.563474388802,1.02831255519,"r2","Frameshift",0.969988063899233,-0.0439611004322716
"171","117M33D97M",915,1273,0.545575206201,0.728226291315,1.33478626418,"r2","In-frame",1.2590790004232,0.3323688072373
"172","85M50D112M",903,644,0.538420121529,0.368403559785,0.684230668681,"r2","Frameshift",0.645422034598936,-0.631685262857413
"173","117M27D103M",882,642,0.525898723354,0.367259449351,0.698346341305,"r2","In-frame",0.658737085446156,-0.602225321925629
"174","120M17D110M",870,806,0.518743638683,0.461076504949,0.888833077779,"r2","Frameshift",0.838419672980798,-0.25425552569944
"175","105M22D120M",866,945,0.516358610459,0.54059218012,1.04693166565,"r2","Frameshift",0.987551123705776,-0.0180726591075677
"176","113M19D115M",865,866,0.515762353403,0.495399817972,0.960519539093,"r2","Frameshift",0.906040175586551,-0.14235307128869
"177","123M17D107M",864,807,0.515166096347,0.461648560166,0.896115958405,"r2","Frameshift",0.845289478510613,-0.24248260237689
"178","79M47D121M",858,1342,0.511588554011,0.767698101292,1.50061625748,"r2","Frameshift",1.41550334176343,0.501315155206104
"179","117M5D125M",852,795,0.508011011675,0.454783897561,0.895224487479,"r2","Frameshift",0.844448570604579,-0.243918533545827
